failed_login_count,unique_ports_contacted,dns_entropy_score,outbound_bytes_ratio,restricted_access_attempts,unusual_process_spawn_count,cpu_usage,memory_usage,file_modification_rate,label
18,48,0.7056783780528042,4.192222288263183,4,5,79,80,30,1
13,41,0.8193412113375749,4.634094395357635,3,14,95,89,10,1
0,5,0.35275141619537453,1.0949082857382653,0,1,15,42,1,0
18,34,0.8455895277788505,5.327371127648117,2,12,64,84,11,1
18,31,0.8638734028986568,4.061981068196021,5,13,84,84,18,1
12,63,0.8384954602213242,3.086791302376952,2,7,97,70,25,1
1,5,0.10270163166394243,1.0591678870689603,0,1,18,35,2,0
1,1,0.23030327520346636,1.2567826061353484,0,0,14,34,1,0
2,3,0.3540207993517249,1.1013800777056544,0,1,12,40,0,0
3,2,0.30600841955873215,0.8452492010231768,0,0,18,35,1,0
0,4,0.26432220333361883,0.8330188458818331,0,2,13,36,1,0
1,3,0.39140568367620865,1.2835727284257332,0,2,7,24,2,0
1,3,0.39442716854710647,1.375576641426512,0,0,18,24,1,0
18,47,0.8345077770742686,5.4408506018273215,1,12,88,75,28,1
13,35,0.8976277990904313,5.651942376221776,3,12,97,79,17,1
10,44,0.8570551166902343,3.0201691671830164,5,12,89,60,17,1
18,57,0.7666792219000097,5.465984307644213,2,11,60,80,22,1
11,45,0.7649833271106442,5.925674088812057,1,7,69,69,12,1
13,35,0.9990833240054597,5.681408817801049,2,8,89,76,15,1
1,2,0.371694102060812,1.4911849512418063,0,1,12,49,1,0
3,1,0.34578337134449244,1.0470244932517159,0,2,18,35,0,0
1,3,0.16061144195410915,0.9464827224369301,0,2,13,27,2,0
0,3,0.17197068182186645,0.8601205574715954,0,1,12,34,2,0
17,70,0.9084144379593089,3.196370153582187,1,11,60,83,24,1
12,45,0.7285138233063752,3.949502723956901,2,7,72,65,12,1
1,3,0.36023373105340806,1.156699163339428,0,0,16,34,0,0
1,2,0.25400382914453523,1.4522988951266989,0,1,16,23,0,0
10,80,0.9673230001678688,4.310753723509875,5,8,95,61,21,1
2,5,0.3054379209491935,1.4225203148490146,0,0,18,49,2,0
8,79,0.7191294571294202,3.7106907885584457,4,7,95,73,20,1
0,3,0.29144579703194984,0.9406358959339232,0,2,10,47,1,0
18,33,0.7135773774424587,4.311517976776967,5,11,85,61,28,1
8,67,0.9737250654307498,4.237777090204162,1,11,94,69,28,1
17,95,0.9767622588919679,5.471257282796147,4,6,67,66,16,1
1,4,0.26570281708932875,1.4044195113610753,0,2,6,25,2,0
16,30,0.8083713215248461,4.914068515543788,3,8,69,76,16,1
2,4,0.1396451232970718,1.207122601378702,0,0,17,35,2,0
14,83,0.9856064427316483,5.182859418844643,1,8,91,88,30,1
1,3,0.37511304694864445,1.3985760671438043,0,2,6,41,0,0
9,58,0.7442774210345435,4.8366372022525566,5,10,99,69,30,1
19,63,0.7193105678668341,4.030108102298511,4,10,97,64,21,1
9,90,0.8925949130522216,5.223199001860466,3,9,61,81,19,1
14,51,0.8558425474495402,3.7657006113912543,5,6,78,83,30,1
1,2,0.1493280844031532,1.2947156055205247,0,0,7,42,0,0
10,64,0.8826970723203353,5.752026766774678,1,6,72,71,13,1
15,57,0.9162479271819488,3.113295275685484,1,15,79,90,27,1
14,47,0.9382322404267583,5.9428577750208635,4,5,92,60,28,1
18,45,0.7048824422722779,5.2076220743457045,5,12,89,80,13,1
11,95,0.730951473127997,4.659336311544399,1,15,66,79,23,1
1,4,0.1431647376223673,1.0903916557754418,0,1,18,38,2,0
13,40,0.7298759097466953,5.383419666625735,5,5,73,70,13,1
17,90,0.9837064114348042,3.3325353661041572,3,14,75,86,12,1
14,34,0.722424580752809,3.0350873525080257,3,9,65,63,19,1
9,40,0.912868542699888,4.2020218210183575,5,7,77,61,12,1
2,4,0.3518841273188763,1.0110831966467937,0,0,9,40,0,0
3,4,0.36973958054876344,0.8423404004792572,0,1,12,29,1,0
3,2,0.3288180617858526,1.475668329307513,0,2,15,22,2,0
0,3,0.3061294722501765,1.184698951486486,0,0,16,31,2,0
3,1,0.18337021554075922,1.2776010353059593,0,1,14,22,0,0
17,39,0.9083308673556987,5.305418495079327,3,9,98,81,13,1
1,4,0.35294829654180404,1.095505847154975,0,1,16,32,2,0
11,89,0.9072198826171565,5.8846990551368785,2,7,61,77,21,1
0,3,0.19805581295304397,1.2587441493933214,0,1,18,21,0,0
12,44,0.8653582869110648,3.493336982604279,5,11,74,67,14,1
2,1,0.3737327910909144,1.4783438343528403,0,2,20,39,0,0
16,88,0.8014590801182262,5.716238566764957,1,12,63,67,11,1
16,60,0.7297553040344258,4.890770470158542,2,5,98,80,15,1
15,48,0.9493728520326649,4.317018478338927,1,11,69,74,24,1
0,5,0.3742355003072263,0.814330047287309,0,0,15,21,0,0
1,2,0.39766964054867104,1.2635699005054821,0,2,10,38,2,0
0,5,0.1259922511818476,1.446339553396603,0,2,10,35,0,0
8,43,0.9836088886672987,5.47484121829867,1,9,97,78,18,1
2,5,0.14530233092152262,1.235152149580887,0,0,15,45,0,0
8,31,0.9508154120269283,3.535152477703493,5,11,88,85,24,1
15,38,0.9402247699568627,5.922296588011491,1,15,80,71,21,1
0,5,0.2575093261790774,0.8828034620679233,0,1,11,21,1,0
14,70,0.7155246574786726,3.418874372848096,1,15,74,64,21,1
0,3,0.17502911371378133,0.9176833097853717,0,1,19,43,2,0
8,37,0.8203486162547733,5.0427970941805516,5,13,64,72,27,1
3,4,0.2257350538846974,0.8423882958014397,0,2,6,26,2,0
1,2,0.1582058873262074,1.1196846318617852,0,2,10,27,0,0
1,2,0.222289710992646,0.9661323237350055,0,2,13,37,1,0
2,1,0.3747185176420885,1.3227943233049757,0,0,8,36,0,0
1,1,0.11630200063345071,1.1681821107680324,0,0,12,49,1,0
0,4,0.12372735613120017,1.1028328610019944,0,2,17,42,2,0
20,43,0.7791620272289254,4.403114991319354,5,10,93,83,20,1
14,99,0.9913941296261963,3.549774411577188,5,14,78,73,17,1
9,81,0.8007416323626239,3.4484366922672223,2,14,71,66,17,1
0,4,0.11923819341403982,0.8319153278972049,0,2,15,50,2,0
11,59,0.7970662056128633,5.955277745771673,2,7,91,73,29,1
1,5,0.13700496436700105,1.1972934197553824,0,0,14,27,2,0
1,5,0.22297807913947454,1.3054386870760206,0,0,16,41,2,0
0,3,0.3492114769642542,1.2087581411938284,0,0,20,21,1,0
12,51,0.9038919128987415,3.383809824622606,5,9,96,64,17,1
0,3,0.2248014971124881,1.0645821682932635,0,1,19,37,2,0
1,5,0.277297645318199,0.8954074173496555,0,1,17,33,2,0
8,69,0.792947019748686,3.1533533919858145,3,12,96,66,26,1
19,74,0.7642038921591325,4.494583177383605,2,15,85,80,19,1
17,51,0.7299943764419945,5.1723091790892575,5,11,63,73,19,1
8,32,0.9082816591965264,5.48953719129075,1,13,81,79,30,1
1,1,0.3512188960579804,1.0604901397160578,0,1,5,37,2,0
19,51,0.9157617748964209,5.1806318665600575,1,14,98,70,15,1
17,61,0.994156428540914,4.459316343605291,2,7,81,71,14,1
19,94,0.9908363185225948,3.4553342268891836,4,14,75,60,11,1
19,90,0.9546492544778,4.103471013898551,4,15,85,64,26,1
18,78,0.9748774919497298,4.5387421970966795,4,7,82,63,24,1
18,32,0.8327882477869971,4.534343706345037,1,9,98,81,25,1
0,5,0.25530846896775117,1.2098453301634189,0,2,20,39,1,0
14,53,0.8591807839119039,4.727720175771766,4,11,67,86,15,1
3,5,0.3280752925810607,1.0268219940020578,0,1,8,34,0,0
1,2,0.329401250482487,0.8938384353664092,0,0,19,23,1,0
9,75,0.7572296305026447,3.1209684722076947,4,12,83,82,26,1
3,4,0.2995183203522991,0.967299725551365,0,2,10,23,1,0
0,3,0.13882473201416307,1.3156712709204132,0,0,11,39,1,0
16,95,0.9377326395353993,4.2859692194705765,4,14,80,88,13,1
14,66,0.7625591750518677,4.780974806237166,2,7,66,74,27,1
14,96,0.9138733553458441,5.360963388533666,5,7,64,63,25,1
3,1,0.18745235502312635,0.848941916282491,0,1,17,42,1,0
8,83,0.891904776104216,3.994005920425449,4,8,93,68,24,1
0,5,0.3157303689117469,1.1803510298872104,0,1,5,22,2,0
1,2,0.30353620915157403,1.4971619931155349,0,0,20,41,1,0
2,1,0.12419309621737776,1.3755548554957242,0,1,15,30,2,0
16,47,0.723297834153222,4.80213274440049,5,9,92,72,14,1
3,4,0.2512048963660224,1.0718163504646134,0,1,9,27,2,0
0,3,0.20582430790576178,1.4272147431591655,0,2,20,36,0,0
20,72,0.8179601228020732,3.7258242385851075,5,5,87,65,24,1
9,73,0.7495676425367207,3.2911230559274314,1,9,74,83,10,1
9,47,0.9944427834134038,3.4335094102181345,3,10,95,77,16,1
17,95,0.9742193506126349,5.576466921856476,1,9,84,82,14,1
9,46,0.97964306360691,4.486975551906328,2,11,77,69,13,1
1,1,0.3712664107436261,0.9255154894133601,0,0,19,32,1,0
12,75,0.9444205309927828,4.388730812623686,1,7,94,68,24,1
10,50,0.9012151957993583,3.0155803101778647,2,13,72,71,25,1
1,5,0.2183740118254833,1.0130527538817111,0,0,14,40,0,0
3,4,0.3323538467437911,1.2407227677607688,0,1,14,22,2,0
19,81,0.8614760712626738,5.08320425655097,3,15,76,85,19,1
0,1,0.3888979762400173,1.3215272246087677,0,0,15,50,1,0
2,5,0.20482889922894826,1.0636422022996563,0,1,12,33,1,0
2,5,0.317285572878961,1.4518335620433502,0,2,8,23,1,0
0,2,0.3296133492537911,0.9638712854412144,0,1,18,38,0,0
2,2,0.1680241766799399,0.895300227298699,0,0,19,22,2,0
3,4,0.17524424658572196,1.1524252982383034,0,1,8,47,2,0
0,2,0.3891396585560458,1.4976806424064317,0,0,10,48,0,0
11,71,0.7734877673308215,5.010072656217563,5,6,77,78,15,1
3,1,0.2864592042901108,1.030564308688446,0,2,9,28,2,0
3,1,0.17754516917502516,1.2657874956046524,0,1,16,48,1,0
3,4,0.1085508232404493,1.0889752473328702,0,2,16,21,1,0
9,89,0.973359511813469,4.832119867397566,1,5,83,65,12,1
19,39,0.75264188266878,4.800467971452619,3,15,61,66,25,1
20,77,0.8585754624003396,5.156802774280461,3,13,76,67,30,1
2,2,0.1335790807691455,0.9666217209808479,0,2,6,22,0,0
20,100,0.7827392706465235,5.545677438747122,5,11,70,79,15,1
0,2,0.35531947358708593,1.422135596402398,0,0,12,29,1,0
17,38,0.7042204133129305,3.920589588378269,3,9,68,70,14,1
1,5,0.2648506325121599,0.9277117517761189,0,2,14,30,0,0
10,56,0.7165461745388989,3.991397804942992,2,6,95,66,11,1
3,5,0.38730384253235683,1.1011512253814013,0,2,19,42,1,0
12,65,0.8456538374306883,3.6967129134599377,5,7,61,90,13,1
18,44,0.9800981959537289,4.723681957901522,5,13,75,77,12,1
15,42,0.8884639204753696,5.729903815938473,5,10,85,80,12,1
2,5,0.150236206052369,1.2623776405705671,0,0,11,37,2,0
17,62,0.9366649726126248,3.9651746500088993,4,10,100,80,18,1
14,52,0.9148431801606693,4.501220851174809,3,5,63,63,17,1
15,31,0.837096938405258,3.782868072128237,3,7,60,62,23,1
1,2,0.2819135550435618,1.3998694739635957,0,1,14,38,0,0
11,93,0.9120126751498648,3.2791575104925608,2,15,65,77,16,1
0,3,0.26143656054483816,1.1439689020502066,0,0,19,33,1,0
0,2,0.27622568732977537,1.4107648205051269,0,1,13,41,1,0
11,56,0.9477681689763344,4.620750323954908,3,12,92,73,23,1
15,82,0.9494274673791646,3.839022168121737,5,14,94,85,15,1
1,2,0.3503506058714748,1.0745584721964625,0,2,20,21,0,0
19,92,0.8262709202308355,3.482048589937035,5,5,97,63,29,1
3,4,0.36069156606346786,0.9075505481934707,0,2,7,47,2,0
13,53,0.9772729747151098,4.442072976429379,2,10,90,74,20,1
8,97,0.8446901143801976,5.515301471395106,5,9,72,81,26,1
12,39,0.8652772784766808,3.3767218475555376,1,13,67,75,10,1
11,84,0.8983033204517429,3.9103815308940844,3,12,77,61,30,1
0,2,0.16869272754451264,1.032682060279114,0,1,18,38,0,0
0,5,0.32347134233642105,1.3954791095034629,0,2,18,38,0,0
8,54,0.7279716044829962,3.911142088281774,2,10,85,81,23,1
1,3,0.10961243838502115,1.2346160595262645,0,0,18,41,0,0
10,64,0.934738195764624,4.861409096696991,4,8,85,82,26,1
8,37,0.8419507665572018,5.121892234477385,2,12,89,80,12,1
3,3,0.2130484870036365,0.9267684564371381,0,1,11,36,0,0
0,1,0.22018385093046258,0.9818399946752798,0,2,5,48,0,0
20,88,0.8959138731851829,4.31558997832992,1,6,98,79,25,1
10,100,0.831328279401326,4.118648339483839,5,6,84,61,18,1
19,94,0.9029464767500277,5.223942715421677,1,6,61,84,30,1
0,5,0.23193436371307913,1.4100710702651758,0,2,11,47,2,0
18,51,0.8872936950733332,5.8634083663449115,4,6,65,76,19,1
17,33,0.7259922517152532,4.077114708017912,2,14,90,64,22,1
11,83,0.897517073341721,3.0890589774657697,5,5,98,84,13,1
0,2,0.2222038889496709,1.01406478639729,0,0,11,37,0,0
3,4,0.2563373713197603,0.8567374715576076,0,0,12,36,2,0
11,86,0.7928690142871739,3.925692228192237,3,12,76,67,21,1
1,4,0.10190671552647307,0.8604399853125767,0,1,19,50,2,0
15,94,0.9088040553016216,3.9996288921724132,2,6,81,78,23,1
2,4,0.34324618073778834,1.163622147226085,0,1,13,39,1,0
3,4,0.10818860124768823,1.082459527869837,0,0,12,40,0,0
15,38,0.7950368636057126,4.571583261290397,3,14,70,65,20,1
8,95,0.9135654644568519,5.864879733779173,2,12,64,88,16,1
0,1,0.2620958272139408,1.4167973750525933,0,2,9,42,2,0
10,100,0.700335235948763,4.072685312351086,2,13,69,78,27,1
10,86,0.9097865369511587,3.717613655498311,4,11,81,73,30,1
1,1,0.26523181098649906,1.3547033453327204,0,2,9,31,2,0
12,92,0.7516699248145065,5.834614817553037,1,6,85,90,12,1
9,70,0.7481267987288033,5.601841206367225,1,10,91,60,25,1
17,96,0.7476695777899338,3.4521794014902243,4,9,92,85,10,1
16,64,0.8350841142804257,4.226985608181888,4,6,89,62,12,1
3,1,0.23324763714341645,1.128413322763794,0,1,18,49,1,0
1,1,0.2656662064190283,1.4447417221319783,0,1,13,23,0,0
12,64,0.7502945265189936,3.385741816276675,5,6,70,76,28,1
12,74,0.9709245836690443,3.644415857573179,4,12,65,75,28,1
1,2,0.34204859229216966,0.9368243989858995,0,2,7,20,2,0
12,59,0.8677400112160321,5.445815917762942,1,13,70,63,30,1
9,38,0.8006170768980974,5.0415345959351185,5,14,84,89,20,1
1,3,0.1655662839853222,1.3684469644823642,0,0,7,44,0,0
3,2,0.13232965631374272,0.887365944780947,0,2,8,34,2,0
0,2,0.1607481226555243,1.0755322225157555,0,1,20,29,1,0
2,2,0.2944119712967985,1.2335417458820117,0,1,19,31,0,0
2,5,0.3432961922997412,1.2529885826773604,0,1,10,44,1,0
1,3,0.3298086280857261,0.9302386434178693,0,0,7,35,2,0
2,5,0.23403447315483342,0.9619534501014563,0,0,9,35,0,0
0,3,0.10120879388549969,0.8091171832269167,0,1,19,49,2,0
3,4,0.37534782876149686,1.414666257588888,0,2,11,44,1,0
1,2,0.14043307885349984,0.9376379009441084,0,2,11,33,2,0
10,54,0.7404414331173588,3.8992165640550844,3,13,79,71,28,1
0,4,0.12455919106372101,1.1496380156395927,0,2,16,49,2,0
0,5,0.3612520373526982,1.1183163272665348,0,0,15,42,0,0
19,88,0.9496115396381801,4.480585114988132,3,5,86,89,18,1
10,95,0.833971022391886,5.860905313413647,3,5,73,85,28,1
1,3,0.2508598218061455,1.1648330460243916,0,0,18,23,1,0
15,49,0.828423464153811,4.99192570594558,1,10,93,78,21,1
1,4,0.33896860431849596,1.3094324952530574,0,2,19,32,0,0
1,5,0.2905230102222597,1.1615644078627247,0,1,10,40,0,0
0,4,0.21715357366226617,1.0521756254749337,0,1,10,41,1,0
10,67,0.7919781958695077,5.487709218941525,2,9,69,67,28,1
13,98,0.7443999689485873,3.5500648104786046,4,11,93,86,23,1
2,1,0.3447841350320602,1.1338234565493068,0,1,15,43,2,0
2,4,0.3658497169738705,1.0921782976320176,0,0,8,36,0,0
17,86,0.7311397766719636,3.3456874278336937,2,8,73,83,15,1
2,3,0.2817884429307344,1.3456937516951362,0,1,5,48,1,0
1,1,0.18071518187687918,1.366647523896415,0,2,14,46,0,0
1,3,0.2790930429756077,0.8925228784978478,0,2,7,39,0,0
1,3,0.2686238909214411,0.9225388487329065,0,2,13,46,1,0
8,80,0.7183162337668508,4.599873250086404,5,15,96,86,10,1
18,66,0.8839006994744428,4.683097144564265,1,13,74,81,22,1
19,73,0.7084659834269741,3.907719161813108,5,12,71,71,24,1
3,4,0.39015967870185053,1.484662178188034,0,0,17,47,1,0
8,73,0.99283287469229,4.9254121306549745,3,12,75,73,30,1
12,56,0.7315833900425007,4.448676465468845,3,12,79,75,15,1
3,4,0.13407044281605257,1.1439653646575514,0,1,18,42,0,0
9,81,0.7804092274274977,4.887851598337896,2,5,94,64,15,1
3,3,0.26135428647639847,1.1878416572625998,0,2,9,34,1,0
14,35,0.870342155628001,5.611716175735886,5,5,69,83,28,1
14,44,0.9003636886477779,4.4319444373581725,1,12,77,65,26,1
1,5,0.29449997045634624,1.1989235868368653,0,1,9,43,1,0
8,49,0.8387404449000325,4.9956639129242415,3,5,82,85,13,1
0,1,0.3103133737160717,1.3545787572950538,0,1,8,26,0,0
1,3,0.17125129830676183,1.3104634566869429,0,2,19,50,0,0
20,35,0.9350044379291578,5.322764079101966,1,5,100,81,22,1
17,40,0.7576387267891661,4.322272781960948,2,7,69,67,11,1
15,71,0.9194651341193381,3.0148970630676732,1,6,88,63,18,1
20,56,0.8086430629958035,5.248003482597402,2,8,91,63,14,1
0,4,0.30359724497289964,0.893940805479134,0,0,14,50,1,0
8,42,0.789863964839175,3.175545926482046,5,5,86,88,16,1
20,39,0.712539221700895,3.80369665539887,3,10,86,79,20,1
8,31,0.788694839501615,5.266370686505299,1,14,97,89,20,1
13,88,0.7238514650299649,5.003710154091804,1,11,83,88,28,1
8,65,0.8524530348752158,5.852364431693935,4,6,87,67,21,1
3,2,0.28549772425817066,1.4558881058710604,0,1,9,25,2,0
1,4,0.30924876254700373,1.4139588091493744,0,2,15,26,0,0
10,33,0.8837687091862139,4.905115351430307,3,9,73,70,13,1
17,50,0.9963230770723761,4.637939888237106,1,15,84,86,16,1
3,1,0.21926607170310425,0.8319481021403216,0,2,18,23,2,0
3,5,0.2687063409409108,1.3263297569130759,0,1,19,22,2,0
10,45,0.8660952658855167,3.6450002839525677,1,9,90,67,24,1
0,4,0.10014684367389144,1.3860568373860382,0,1,11,42,0,0
19,43,0.796305005755177,3.4100113108217744,4,10,77,88,21,1
3,2,0.27380216343950203,1.0830083134649342,0,1,9,26,0,0
1,5,0.2772125322477612,0.8314335226584786,0,1,12,34,1,0
0,3,0.3998577752690424,1.4703810030885418,0,1,15,34,0,0
12,87,0.8249892425798059,3.677210663553852,1,8,75,86,10,1
3,1,0.11362323280099504,1.3514863017759586,0,0,18,21,2,0
11,97,0.8380155230187212,5.697252983249185,1,13,84,70,26,1
2,5,0.25918264068160973,0.967253663503277,0,0,7,30,1,0
10,100,0.7577265974266252,5.966075689797595,1,6,88,77,19,1
1,2,0.18521260247002969,1.0835235510416021,0,2,15,20,1,0
0,2,0.19697723403391088,0.9579609097150225,0,0,8,21,2,0
9,43,0.8344384454835734,3.8389717402297774,3,9,65,72,20,1
1,3,0.34713072226709984,1.2363823048694882,0,0,12,36,0,0
9,55,0.9471041465294642,3.587587483755008,4,13,78,78,10,1
1,2,0.3487331080950946,1.31773749561833,0,0,6,44,2,0
15,43,0.813586236429034,5.786601633939776,5,13,80,83,14,1
17,43,0.9691197171168258,5.795654067163839,4,9,82,69,24,1
0,3,0.10531729402550334,1.140199681691478,0,0,10,25,0,0
2,3,0.2680070289097597,0.8512443503874916,0,2,16,48,0,0
2,3,0.1858325811082409,1.0534135514924299,0,2,12,30,0,0
1,2,0.153189133927363,1.3495888388638253,0,2,17,30,0,0
2,2,0.36017259849524186,1.2088737528123343,0,2,17,23,2,0
1,2,0.2932153150177764,1.4202128008927994,0,1,16,32,1,0
17,64,0.7846178934174309,4.270717067859687,1,13,98,65,18,1
3,4,0.22858582268039768,1.1051285423788215,0,0,17,39,2,0
19,68,0.8927740762547294,3.7096603061101363,5,12,92,72,21,1
10,76,0.8049432507600732,5.867365308166294,1,15,95,83,22,1
3,1,0.16727070420236634,1.325532988685452,0,0,14,20,0,0
1,4,0.11731776842845254,1.0407448978753941,0,1,8,40,1,0
16,67,0.769707064610775,4.752565277074576,1,6,93,80,11,1
16,99,0.8375903378149043,3.6017791760432685,1,8,77,88,29,1
17,81,0.7198684010930398,4.428521997201939,5,10,68,65,18,1
19,36,0.8223591369400804,5.823467608164393,1,8,69,81,28,1
19,62,0.9686482698129786,3.1036908316977474,4,12,72,79,22,1
2,1,0.10761727896637938,0.8185004281554735,0,2,17,38,2,0
19,81,0.7811248025796076,4.6219196583847,1,10,96,70,18,1
3,5,0.20865287856108733,0.9002182720204868,0,2,10,45,2,0
16,93,0.9640776093715593,4.933151005642606,3,12,91,80,14,1
13,55,0.9226293024568583,5.027700152181705,1,15,66,69,19,1
1,5,0.20581296066257812,0.9753032894756132,0,2,9,33,1,0
9,89,0.7583298698084613,5.178673613332535,3,5,81,88,27,1
0,2,0.11076275271909795,1.3417864394920112,0,0,20,24,1,0
0,5,0.3899111385325861,0.8203001657064202,0,0,18,32,2,0
2,4,0.19098990423561377,1.1497398403991228,0,0,11,23,1,0
14,82,0.9977029165436666,3.3322777265377157,3,7,87,62,29,1
3,5,0.1645705319489482,1.1149404487723,0,2,16,20,1,0
16,100,0.7734680221102972,4.213317432104937,2,12,97,63,19,1
15,40,0.858676125178551,3.8958558243062704,2,5,67,72,21,1
18,30,0.7291419263046165,4.220270720361267,5,15,65,89,24,1
2,1,0.30992474929588093,1.201782945343076,0,2,12,31,2,0
0,2,0.304928098235768,0.9473653511566928,0,2,12,27,1,0
0,3,0.10507529000171761,0.9033303776585346,0,0,8,35,1,0
19,42,0.9766446720755952,3.8034899399590714,1,15,85,70,30,1
1,3,0.15056908209829503,0.8567013355230735,0,0,6,43,0,0
14,97,0.8164178451428588,5.7448663242394,2,5,65,61,18,1
1,1,0.12023863204003069,1.2602435701177939,0,2,13,41,0,0
17,86,0.7093121029298698,5.403233113364003,4,9,94,67,10,1
0,1,0.10950697710977059,1.3921397869535812,0,0,8,48,1,0
19,54,0.7359952978198531,5.952079061660342,3,8,78,69,18,1
3,3,0.3155199418963869,0.897013915821162,0,2,8,21,0,0
3,3,0.1749988160680318,1.4691535735630414,0,0,9,28,1,0
3,5,0.25295542049139375,1.1058515356853817,0,2,6,20,0,0
0,2,0.11154214975677693,0.9289544934947155,0,0,17,22,0,0
16,30,0.7796987314170941,5.11045295675056,1,10,86,72,20,1
14,52,0.9797707129577758,3.452922243051792,5,7,62,67,21,1
17,37,0.9909782370238758,4.381238617667926,2,11,65,68,17,1
1,4,0.3454594712754748,1.235805841231296,0,2,20,40,2,0
1,4,0.2818154048075493,1.0899380868072854,0,2,14,25,0,0
3,1,0.3136549208472291,1.4769311713810795,0,1,9,24,0,0
2,5,0.3008350918328055,1.0402925348448984,0,2,19,31,1,0
16,63,0.9144450176095155,5.516362066818202,1,12,69,70,30,1
17,80,0.9998698298506169,5.624704707046198,1,5,85,89,11,1
19,37,0.894754236649761,4.212140377115928,5,15,64,64,29,1
0,4,0.15837426601095106,1.2870871590982178,0,2,17,27,0,0
11,52,0.9525825015368683,4.419294465125899,5,13,94,81,13,1
19,61,0.8809600770230055,4.017161587054963,1,5,81,89,21,1
2,1,0.24880432297099653,1.107686291704015,0,2,14,20,0,0
1,3,0.38827469262697756,1.4059002694693157,0,1,11,44,1,0
1,4,0.12275652696185353,0.8369381184133197,0,1,10,29,2,0
0,1,0.10379827545016822,1.0259055292832482,0,1,11,38,0,0
2,3,0.20478018504241613,1.2625744679288502,0,1,12,47,0,0
3,2,0.39092666501103435,0.9632690117313749,0,1,18,45,1,0
2,3,0.12076621259527198,1.2308540210876169,0,2,11,37,2,0
1,5,0.3460523322873351,1.398098753840625,0,0,11,34,2,0
2,4,0.35326801616660763,0.8216112636194464,0,2,20,26,0,0
1,5,0.30641812553030645,1.4443438149196677,0,1,7,45,2,0
3,3,0.35109593408425155,1.369391889626953,0,1,10,27,0,0
3,3,0.22912651818263516,1.0197403185210958,0,1,10,49,2,0
12,50,0.8829393237601546,3.1769638405545244,2,6,72,87,23,1
18,48,0.7677069757420305,4.387595990367972,5,15,76,80,22,1
18,83,0.8898032600583475,5.02763425844844,1,5,95,72,30,1
3,5,0.3887610051204936,0.8440263625464965,0,2,11,25,0,0
16,69,0.9751406261538597,4.67378715543785,5,13,100,83,25,1
1,3,0.22458931500004448,1.07989009675152,0,1,7,41,1,0
1,4,0.27486989834735026,0.9616142455951873,0,0,20,35,1,0
19,70,0.703256984988261,4.760850410485287,2,6,72,61,26,1
1,5,0.3396382025853709,1.0714264639591062,0,2,20,20,2,0
10,82,0.7371377276003384,4.622598169985514,5,12,89,62,29,1
3,3,0.2981046281026651,1.0113332848315182,0,2,10,45,1,0
17,62,0.7190331187141663,5.701851424921535,5,11,75,80,27,1
17,45,0.900105105969724,4.410191072946256,4,13,66,85,20,1
16,87,0.8956227149260284,4.429832521455241,1,8,81,82,28,1
3,5,0.2650026448326479,1.258945890177162,0,1,12,24,2,0
9,90,0.8072663369871352,5.278716392458361,5,7,83,80,12,1
1,3,0.35508391682283835,1.3409187832110119,0,2,11,26,1,0
20,63,0.9808329157518304,5.556717429514436,4,10,99,64,30,1
20,59,0.7085566005804068,4.9706617519207175,5,15,75,88,27,1
2,5,0.2033689813023523,1.0400235074154254,0,2,7,33,0,0
16,64,0.7985440376508325,5.0614606003639615,4,7,66,76,17,1
8,54,0.717665181621619,4.5704089841694575,5,14,94,83,30,1
19,72,0.8421896910938362,4.537581216677852,5,8,71,74,12,1
15,73,0.8169704461052885,5.585541325540556,4,11,93,82,27,1
11,42,0.7923169411450103,4.711369145634091,5,6,89,83,19,1
3,5,0.29339450845819626,1.4255409480813435,0,2,14,40,2,0
0,4,0.22159172264471438,1.474713859340568,0,0,18,30,2,0
3,2,0.154690733333693,1.147216089491611,0,2,7,36,1,0
13,98,0.9256721153000307,5.178569889982126,1,14,83,64,17,1
2,1,0.1639988426741925,0.9274625413470212,0,1,17,48,0,0
13,82,0.8594191465338936,4.457152245170475,3,8,90,68,14,1
1,5,0.22263554867991142,1.1022757402547916,0,0,19,48,1,0
3,1,0.10862821931281648,1.4458318078688044,0,2,7,40,1,0
15,32,0.9614474342401513,3.6206595106040833,3,6,74,63,29,1
16,76,0.9132108837357429,4.596089625605485,3,11,89,90,25,1
2,1,0.23953229377399426,1.3519438727420021,0,2,19,21,1,0
0,1,0.22404820934462674,1.4227344221272515,0,1,14,42,0,0
2,2,0.2663147695199778,1.2998018625285102,0,0,5,30,0,0
1,4,0.2955201471769791,1.359966879100679,0,0,9,37,1,0
1,4,0.17052303160992366,0.8320501148575155,0,1,11,40,2,0
8,33,0.7176277271919851,3.0363096863848864,5,14,81,75,13,1
1,1,0.3528735446410308,1.2216684268583289,0,1,8,48,2,0
0,5,0.10142488999169295,1.1075674288463768,0,1,19,32,1,0
17,46,0.9724884983631177,3.189897902467219,3,10,98,79,25,1
3,4,0.22715065947091248,1.0548624106553792,0,2,9,48,0,0
3,4,0.2817957787642962,0.8019872390360285,0,0,5,24,1,0
3,5,0.38726243600883303,1.070388867474557,0,1,7,30,0,0
8,70,0.7642764474803645,3.3627781055532497,3,7,71,73,13,1
2,4,0.34402856456078895,1.1158821741262654,0,1,11,26,0,0
16,76,0.8741606407881892,4.383382236588739,5,14,68,64,12,1
20,67,0.9644991594727887,5.959548486853732,4,8,80,85,14,1
1,2,0.22553371021407065,1.439646012134807,0,0,19,45,2,0
8,76,0.7467204160737899,5.2174274976741675,3,8,99,73,17,1
3,4,0.3094536403260203,1.1398203284678434,0,0,6,45,1,0
9,69,0.9080144597566093,5.047125570664681,2,15,67,72,27,1
3,3,0.11021808559913232,1.3691109792438816,0,1,19,31,1,0
18,33,0.9956191684633875,4.384175339133799,2,5,73,73,29,1
20,97,0.7087100486281405,5.455899997239596,5,12,96,68,18,1
18,72,0.8310278384104028,5.2292594869391085,1,5,82,62,28,1
3,4,0.29858131435032675,1.245350646158407,0,1,13,21,0,0
3,1,0.38832988515986167,0.9843883082870636,0,1,17,25,1,0
20,58,0.7697542272930628,5.860418360256177,3,10,74,86,18,1
1,4,0.3026231384510729,1.0701065230045133,0,2,7,48,2,0
3,1,0.2104731820380063,1.2945813633908612,0,0,6,20,2,0
2,4,0.35222184335392315,1.127161139259619,0,2,7,32,2,0
11,35,0.8103315563268391,4.3402810661342315,3,5,79,61,21,1
0,2,0.20840285070800518,0.9173639925699407,0,1,6,20,1,0
0,3,0.34525367220017056,1.4302099187776571,0,0,10,25,0,0
2,1,0.27245823831642246,0.8492648717125234,0,1,5,45,2,0
2,1,0.35490416581407425,1.229366073470074,0,0,10,38,0,0
9,99,0.7053107044310366,5.139493086519932,5,8,63,76,16,1
0,4,0.34459424848306786,1.4356839019214584,0,0,20,33,0,0
1,1,0.34080792198501053,1.258680432124217,0,0,19,49,1,0
10,47,0.9118001350165134,4.713998751493218,5,11,81,75,27,1
1,1,0.28266010792595864,0.874727830160849,0,2,8,38,0,0
15,84,0.937041785584453,4.0256102568017,4,15,67,88,29,1
0,2,0.13284025026692484,1.244999973304605,0,2,6,50,1,0
3,5,0.18526136744032623,0.9607050522818557,0,1,20,38,2,0
1,5,0.3241686690340182,1.2257779992832591,0,2,20,36,2,0
12,83,0.7089766368672137,4.297826823502158,3,8,64,77,22,1
3,4,0.30795460181586165,1.3531180095239668,0,1,5,36,0,0
14,79,0.7882667613833914,3.141973699642123,4,10,96,86,28,1
9,78,0.9366659984380055,5.389979435484576,4,6,63,90,17,1
0,1,0.28066701734336774,1.0608762874309245,0,0,12,34,1,0
3,5,0.328775035815962,1.432325021987007,0,0,20,37,0,0
15,33,0.9544385975249299,4.265820154608473,5,6,88,69,17,1
9,69,0.7544669108884475,5.6872077224165665,4,8,90,79,10,1
3,4,0.3998652100729696,0.8171825557845434,0,1,7,24,1,0
16,65,0.9927631179532986,5.021958389002948,5,11,89,67,13,1
2,4,0.21505379312591089,1.473671060815147,0,2,5,43,2,0
19,81,0.9966192457076414,5.436393172148906,2,9,67,87,15,1
0,2,0.24588009474396233,1.0344012109305452,0,2,5,35,2,0
2,2,0.1212381644563904,1.1098859475386225,0,2,16,30,0,0
2,4,0.23661968551899235,0.951814080420865,0,0,12,38,0,0
11,92,0.7970277836858353,4.218574337169727,3,13,62,86,19,1
0,5,0.17653065645502064,1.1836831635790674,0,2,12,28,1,0
11,61,0.9104458940182711,3.6921272636414146,5,11,84,61,16,1
1,5,0.36738485422630185,0.9466995739080895,0,2,20,34,0,0
2,1,0.3222343029107426,1.180032075071983,0,2,11,27,2,0
3,5,0.21737218072586706,1.0759788563584527,0,0,5,20,1,0
12,52,0.7807223176641374,4.953119443001301,2,11,87,66,11,1
15,73,0.8679059442850126,3.753330551549749,2,7,64,79,26,1
3,2,0.19452195593870159,1.4224635233301652,0,0,15,31,1,0
10,83,0.8427809851195577,5.0576923458295795,1,14,97,68,11,1
2,2,0.37717202067060085,1.3360039925992955,0,2,19,21,2,0
1,1,0.22067713828523383,1.120294816617199,0,2,12,31,1,0
8,33,0.7742979343222676,5.378045755415949,5,5,76,78,23,1
3,1,0.21409634883779763,0.8276155720534321,0,1,12,36,0,0
3,3,0.36314958148111465,1.1274034244540228,0,0,14,35,0,0
3,2,0.11074697557271154,0.9073364643125527,0,2,20,21,2,0
2,4,0.28528639337173,1.4617197223911351,0,1,10,21,2,0
0,4,0.22471779167466052,1.2430785679967733,0,0,13,48,1,0
12,86,0.8328076980076404,5.348600561142411,2,15,89,85,24,1
20,59,0.8285627455114764,3.1295162954401894,2,15,84,61,20,1
2,4,0.38094205770869993,1.2526076026721118,0,1,15,34,0,0
12,36,0.892444137144379,5.916457555056563,1,8,87,71,20,1
0,2,0.3339244930380327,1.070773159385892,0,0,9,50,2,0
8,68,0.8661581355834961,3.3169382544409927,5,7,85,65,29,1
0,5,0.3981676062680083,1.0323797433268445,0,1,5,33,0,0
3,1,0.36773674345099017,1.384282647413147,0,1,5,36,0,0
15,54,0.7703161947988085,3.7696805843076033,1,8,90,81,23,1
2,4,0.17677760239097745,0.824164127609279,0,2,13,34,0,0
2,5,0.18726636278203906,1.2592941917671592,0,2,15,41,1,0
10,86,0.9826303694420635,4.456295484361446,1,11,73,66,30,1
1,3,0.3407588230770539,1.0621411614222103,0,1,11,23,1,0
1,3,0.3227913208533254,0.9982432258624969,0,0,19,40,0,0
3,1,0.14883027727564527,1.2451449168058417,0,2,13,24,0,0
10,50,0.9233906062875405,5.183196436948948,3,5,74,85,25,1
2,4,0.24508267856921553,1.0814790583559233,0,1,17,38,1,0
0,3,0.2239451998625217,1.4608934262536801,0,2,10,43,1,0
3,3,0.1788638424175617,1.0343363076190242,0,2,17,40,2,0
0,1,0.37117417203631353,1.4639095818389558,0,2,14,40,1,0
1,4,0.34585317725962883,0.9654509199175567,0,2,11,31,0,0
0,1,0.29155726563834605,1.2449607142479286,0,2,14,28,1,0
15,62,0.9888982594857394,4.69035678795094,2,7,98,77,15,1
14,47,0.7281619502301815,5.989877166470833,4,5,63,65,20,1
18,39,0.7505609859258205,4.032197285319376,1,13,86,70,25,1
3,1,0.22534720051687307,1.0430375235991478,0,1,5,20,1,0
16,94,0.8184527360743103,4.43541238053795,5,13,65,86,23,1
1,3,0.1988152950895875,0.8230125413285928,0,2,7,23,0,0
2,2,0.19650928213760277,0.9412446586165841,0,2,17,44,0,0
2,5,0.28301466371766315,1.079607912188807,0,1,8,23,0,0
11,64,0.9888614205522789,4.175037973104182,2,13,69,67,25,1
14,97,0.7036609980249532,4.660736155349076,2,10,92,86,21,1
1,1,0.24710785829210974,1.279415139380584,0,0,5,29,2,0
3,1,0.20025006154676467,1.4460415340763846,0,1,6,22,1,0
17,49,0.8975025827700149,5.056580121374094,1,9,76,85,29,1
2,5,0.39240494039058693,1.1567175364058848,0,0,14,29,2,0
10,87,0.7598695255082314,4.022574184077094,1,11,68,77,17,1
3,3,0.1268223656720173,1.3434359583755948,0,0,17,45,0,0
0,2,0.35069911929309316,1.3801667998948095,0,2,17,45,1,0
1,5,0.20595651805896908,1.2314155987513165,0,2,18,24,2,0
1,1,0.36850613261805,1.2403400847551493,0,0,13,45,2,0
2,2,0.1605968997291673,1.2009817646967162,0,2,14,25,0,0
10,36,0.9016937057459076,4.401769263450849,3,5,96,81,25,1
14,53,0.9293081271716004,3.934798619625436,4,10,64,87,16,1
1,1,0.31982754572703675,1.404163019944835,0,0,13,43,0,0
0,5,0.1743322260070687,1.038934688061686,0,0,7,28,0,0
8,61,0.8764172912799669,4.148597595290706,2,10,63,73,27,1
9,84,0.8981468018670541,5.85713390727939,5,15,99,62,21,1
18,62,0.8257936891182991,3.2141862152990726,2,7,100,84,10,1
10,75,0.7713831603951091,3.2326314419677833,1,15,87,76,11,1
13,90,0.9096265702206936,5.778717901403995,2,9,78,63,27,1
0,2,0.20409959471950895,1.3237698556344708,0,1,12,36,1,0
2,3,0.30193472275724487,1.1808753548152087,0,0,18,33,2,0
2,2,0.3345068717517886,1.264904246402872,0,0,13,31,2,0
14,59,0.8783729749553101,4.440051833909887,5,11,74,64,22,1
12,95,0.8799770289092204,5.744937315826905,2,7,60,78,16,1
10,83,0.8010865022388118,5.0981588131873306,4,10,80,65,24,1
11,69,0.9754241576860765,4.208074605772317,2,8,78,67,10,1
18,39,0.9275065091947843,4.621786938266138,4,11,77,87,21,1
1,1,0.12069461866007991,1.384040905785944,0,2,20,49,0,0
20,39,0.863768335334774,5.133090643126606,3,14,93,64,14,1
1,2,0.1487218129362644,1.3719220544838868,0,1,6,28,0,0
17,47,0.9990616731498073,3.807061099183562,1,14,81,66,22,1
16,54,0.837952087642261,4.120978706361226,3,6,76,80,21,1
15,92,0.8588680224930152,3.574134445535391,1,14,78,83,25,1
1,5,0.33542097746787336,1.4711130429999515,0,2,16,33,2,0
1,3,0.37623574841308405,1.373893383105277,0,1,19,40,0,0
8,38,0.9989794710101823,3.9056670135083777,4,11,96,87,25,1
9,98,0.8401589254983368,5.266327971180638,2,11,62,74,12,1
10,71,0.984861478010099,5.097407821650007,1,13,92,66,27,1
19,91,0.9610533119119562,3.546903771257352,3,10,94,73,13,1
19,79,0.9384117641303705,4.359494057413836,4,12,72,63,22,1
12,47,0.866868151038896,5.659574428054046,4,13,72,85,30,1
3,2,0.23494575889397576,0.8405860279721254,0,2,15,47,0,0
0,4,0.3723096963776803,1.294297329712912,0,2,8,26,1,0
1,4,0.13159255125978203,1.1856932788870402,0,2,8,21,0,0
2,5,0.22563451633161077,1.458429995354288,0,2,17,26,1,0
9,74,0.7464055097249923,3.1097120023655913,5,9,64,88,12,1
1,1,0.14052628541185133,0.9449027254073787,0,2,9,50,0,0
1,5,0.38516498778819397,0.9546286899363731,0,2,6,37,1,0
0,1,0.16190364887664552,1.3524172446774179,0,0,13,45,2,0
8,69,0.8889809861425049,4.391607811705537,1,10,74,81,12,1
13,81,0.856578457223604,5.390283287348623,5,13,69,65,22,1
15,56,0.7455607078651567,5.1225946220635,1,5,78,86,11,1
0,2,0.21273998965397434,1.11686391745806,0,1,6,46,1,0
2,5,0.24657879803262014,1.1399024241818356,0,1,7,23,0,0
2,1,0.36055564782268523,1.2348108744511912,0,1,12,40,1,0
2,4,0.3413739467067385,1.3293944939718876,0,1,19,39,2,0
13,94,0.7799365638350075,3.095056474482639,5,9,99,83,17,1
3,4,0.3351025311006935,1.4484183311132575,0,0,5,30,2,0
20,67,0.9845374921845167,5.14409610661575,3,10,81,89,13,1
9,42,0.7595293572962672,5.842651028969463,3,15,91,64,11,1
9,69,0.9516251770328492,4.562842075151249,1,8,76,68,30,1
18,55,0.9998076211234537,4.924354274221786,2,9,99,69,29,1
1,4,0.21484897849130513,0.9571024585512126,0,0,9,25,0,0
9,45,0.708991758450067,4.521924426355074,5,8,87,62,19,1
20,89,0.7867079736497875,3.195887995291948,3,6,83,73,23,1
2,2,0.30627875127181,1.2676696312080145,0,2,10,29,2,0
13,100,0.9153730088744696,3.0046904549762603,3,8,100,73,14,1
8,70,0.8956886867119446,4.940499872281604,5,7,62,61,19,1
17,79,0.9671852774476204,3.1211229519762016,3,14,98,83,26,1
16,100,0.7704395134629864,5.506065552553738,4,12,72,63,13,1
15,41,0.9670608523995375,4.416540723598288,4,6,99,63,23,1
0,5,0.15265131589679784,0.8899672473323617,0,0,17,23,2,0
2,5,0.33488757474989184,1.4182169917340186,0,0,19,35,2,0
10,37,0.8568632442000873,3.8887042022305676,5,10,61,67,24,1
2,1,0.19427255290037188,0.9002237772069107,0,0,14,41,0,0
3,5,0.2122986739740832,1.2189108485398048,0,1,6,49,1,0
14,81,0.924377429414359,3.390790693249661,3,10,98,61,28,1
9,62,0.8430384269088169,5.141506398287056,4,11,70,84,19,1
1,4,0.3178938457437287,1.4127346649662487,0,2,18,33,2,0
18,30,0.9134946449875974,5.149991569543437,4,7,94,82,19,1
16,54,0.9370679182405857,4.684703145954535,3,15,68,72,26,1
8,68,0.7613648045826285,3.689952190385444,3,14,72,64,29,1
3,3,0.2930206315352576,1.3655885678668054,0,2,18,32,0,0
11,54,0.732259890353595,4.710305298876483,5,6,91,72,18,1
19,79,0.7005425873812883,5.7598662875449715,5,12,76,72,25,1
16,96,0.7192003847827031,5.718521776388089,5,5,100,67,24,1
18,31,0.7129065959394777,5.731381013171712,4,11,78,70,27,1
17,43,0.8855637284771056,3.95175767336397,4,12,92,70,28,1
8,77,0.7901433558794824,4.147157785700474,1,6,74,89,29,1
17,58,0.8039317204603383,3.1630581131864215,3,15,82,66,28,1
2,1,0.21947450760653392,1.1547665169503118,0,0,18,27,2,0
11,78,0.8134433419108924,5.837498123338126,5,14,62,90,30,1
11,77,0.8287268228361353,4.772743679226101,2,9,69,64,21,1
0,1,0.1500828692364649,1.4440329612484184,0,1,17,21,1,0
8,92,0.9067670997784569,3.8256293952925633,5,12,82,76,21,1
17,87,0.8717029700161676,3.2298450742941305,4,10,66,66,10,1
14,31,0.938367885755347,3.5013028783769884,2,6,78,81,15,1
10,74,0.8848608037241048,5.31994834276599,5,7,97,84,18,1
3,1,0.39722717587398926,1.164648747945976,0,1,16,34,0,0
14,72,0.9244129379624496,4.789563146998413,4,10,71,64,18,1
11,57,0.7862630239438125,5.179734369862734,3,15,73,79,30,1
17,80,0.7817925372213326,4.39657240351199,3,9,61,87,26,1
11,79,0.8726271588682201,5.838311411773817,1,12,75,73,26,1
15,48,0.8421118184499312,5.035365599322729,3,5,91,71,16,1
3,1,0.27896131151388764,1.082694195870785,0,1,20,26,0,0
1,3,0.1863036428393731,0.8600996134273532,0,1,12,37,0,0
15,61,0.7684454896735304,5.158839442557386,5,15,90,71,14,1
1,1,0.21477880251123754,0.8383502222451229,0,0,18,47,1,0
1,2,0.1929352436252782,1.290958441293569,0,0,19,22,0,0
19,81,0.7897002532970617,4.955092289278596,3,15,62,71,29,1
0,1,0.1330236410329655,0.9209424272779907,0,0,6,35,2,0
12,48,0.9363303780936192,3.619128991671386,4,5,91,83,26,1
16,62,0.9686892727052152,5.432101701716235,1,15,67,80,20,1
3,5,0.3835424042666491,1.1622988974418758,0,2,12,47,1,0
20,38,0.8095487182594613,5.139804588424397,2,7,100,88,24,1
8,54,0.9821701169411066,5.0647195485224055,2,8,95,84,11,1
1,3,0.11897555931836701,1.0662107910918686,0,0,15,30,2,0
2,3,0.10855218845300968,1.491744711849761,0,1,8,50,2,0
2,2,0.3998239504825877,1.4000448805413868,0,2,16,41,2,0
8,70,0.909856108706669,4.676460585535634,3,5,86,78,20,1
18,48,0.8746227740135795,4.850818578243274,1,5,84,86,13,1
16,73,0.7429492362642205,3.7363942350468076,4,5,62,70,14,1
17,87,0.7678425922155677,5.453767464119851,5,10,97,61,23,1
0,5,0.3974743019195863,1.1202535029571186,0,1,9,22,1,0
2,4,0.2142309173873414,1.372448884599077,0,2,12,26,2,0
3,4,0.2616590117782561,0.9875824096085837,0,1,19,25,2,0
15,59,0.9678245752823104,4.6592272612538945,5,7,74,79,19,1
3,4,0.17803312088645898,1.3506505212805626,0,2,13,20,2,0
3,2,0.3786277342240105,0.9027011386634327,0,0,14,28,1,0
13,100,0.9473521157569085,4.223747539782021,3,9,97,63,17,1
1,2,0.3674692945558423,0.9307242020126024,0,2,16,44,2,0
0,3,0.3432932792947897,1.2145485954487643,0,0,9,33,2,0
3,2,0.14110191405467673,0.8599741314542136,0,0,18,25,1,0
3,5,0.13341164172261666,0.9642396218513896,0,2,19,30,1,0
3,1,0.10528496068833793,1.360961420581022,0,2,16,36,0,0
19,44,0.9088882844130959,3.3918544626083027,5,14,87,65,29,1
0,4,0.25280851117375386,1.078595161527849,0,0,15,30,2,0
2,3,0.21827891974804348,1.218691242118325,0,2,5,31,1,0
20,88,0.8377356607558334,4.104433187014979,3,8,80,69,24,1
12,76,0.8157546124929829,4.631316586668494,3,10,97,74,24,1
19,49,0.7511188616760962,3.6431984760946294,5,13,70,72,16,1
3,3,0.3284744283076853,0.9483867157499334,0,0,18,37,1,0
9,31,0.8526550714325442,5.071889032451121,3,11,64,81,18,1
20,46,0.9438216214014654,5.255694930384822,4,13,60,60,29,1
0,1,0.34848324849086776,1.118890501895465,0,1,10,47,2,0
16,64,0.9747069080269166,5.428562834312953,5,14,75,61,17,1
10,95,0.737486126366752,4.351884261766348,4,9,79,75,24,1
20,69,0.78255978826989,4.217047986647685,5,10,61,79,29,1
19,77,0.8240666998897389,5.8371617940669625,2,10,73,88,17,1
8,53,0.776817773221226,3.906469861461469,4,9,94,79,20,1
3,3,0.3546276370814494,1.4804403940646158,0,0,15,33,1,0
1,2,0.29269453339876655,0.9029813853916017,0,1,13,46,1,0
2,5,0.29669091679862325,0.8204541656649847,0,2,20,46,2,0
2,5,0.3292113759237094,1.1905757625678193,0,2,20,24,2,0
2,2,0.1967910347101342,1.155746721432233,0,0,15,39,1,0
3,3,0.3858315544719252,1.3616964888877998,0,0,15,30,2,0
14,73,0.7108098368636908,4.226181577453994,1,10,61,90,13,1
18,71,0.9413681501611957,3.852222268643033,5,8,65,77,28,1
11,79,0.8329653539926707,5.4030514102760705,5,9,80,73,15,1
20,32,0.7473718404666659,5.569819626471749,1,6,100,60,19,1
13,92,0.8943323256580133,3.081503626767041,2,6,89,87,23,1
11,91,0.726538129324576,4.987440244405226,3,7,70,65,12,1
1,4,0.336530081626515,1.0118360788107288,0,1,20,20,0,0
17,97,0.8378527866822013,5.732560156989319,1,15,73,62,20,1
1,5,0.24800578212817562,0.8889959508577672,0,0,16,30,0,0
12,95,0.9334364345654929,5.364079287907865,2,7,86,63,14,1
9,68,0.906142823668695,5.744973910869403,2,15,95,84,25,1
2,5,0.20964476547577243,1.4247299023801605,0,1,13,21,2,0
11,49,0.7910228499697484,5.222606194561865,4,13,80,69,28,1
15,81,0.8811416782108537,5.049408296969139,4,8,81,88,24,1
19,86,0.7170482680693337,4.741621624218139,2,15,84,75,29,1
1,5,0.39641670906977966,0.8434401902074665,0,0,9,20,2,0
19,99,0.993787852954118,5.361132497947146,2,15,78,68,28,1
10,57,0.8904761458093597,4.277103488885615,5,7,99,78,21,1
13,42,0.8315060575773701,4.065125412478226,4,13,99,80,21,1
2,3,0.16482223014965172,1.0817207062254894,0,1,14,30,1,0
8,68,0.7888340279395245,4.1004308368150095,5,11,77,80,12,1
0,1,0.2511068040890544,1.1887643883565613,0,1,7,26,0,0
10,38,0.8324458268642956,3.952029370484804,2,15,86,66,21,1
12,54,0.9274806394512498,5.587432952773906,5,8,81,60,14,1
9,44,0.9166524683070829,3.796836931503779,5,9,72,81,30,1
2,5,0.19244912679748005,1.2219847492699576,0,2,9,22,1,0
1,1,0.18385320960000734,0.8583138370753535,0,0,7,31,0,0
8,82,0.9798026337311159,3.512184836571099,2,5,94,88,18,1
0,1,0.31428743163121564,1.0722279342710266,0,1,18,22,2,0
2,5,0.20500487675709364,1.2896774829621718,0,2,6,23,2,0
2,2,0.33294394011872563,1.4991181632471733,0,0,5,34,2,0
17,30,0.9071080663949543,4.989547265230474,4,11,67,63,10,1
9,57,0.8367880785835297,4.5157978789753495,2,10,79,69,22,1
12,66,0.9280954698566014,5.4369955425774545,4,7,76,75,30,1
17,86,0.9269783079416429,3.4647510754501196,5,14,87,69,20,1
16,67,0.7382502879291313,3.3208824099084664,2,13,73,62,11,1
11,48,0.9164678295420012,3.086789746211698,5,6,65,67,11,1
9,63,0.8017552144887319,3.360033733931674,3,10,81,87,18,1
1,3,0.3972765799073449,1.2431223377257905,0,2,14,21,0,0
3,4,0.23846224248447118,0.9736443056054875,0,2,18,35,0,0
19,43,0.8636772353217199,3.221085547201679,3,15,84,70,27,1
1,1,0.14748614251246983,0.975153682596209,0,0,19,25,1,0
10,60,0.7628675786351165,3.4356338306677054,3,8,79,80,12,1
0,5,0.33824967781337933,0.9033965626143532,0,1,16,25,2,0
17,92,0.7610650426119858,5.354327807468983,5,12,83,84,18,1
20,45,0.8323989955603466,3.181458140350911,4,8,85,74,24,1
8,47,0.9128057971483812,5.4742045766935785,3,10,64,88,13,1
13,91,0.8094197866916725,4.831186895783551,2,13,78,69,15,1
8,46,0.7552474223199405,3.324348431110849,1,9,76,80,18,1
12,35,0.9791291933489357,5.952087069596476,2,7,61,70,14,1
19,60,0.9325080128263609,4.903504713901976,1,14,76,74,14,1
0,2,0.13177286172856859,1.3645144002614646,0,0,8,27,2,0
0,2,0.14746750909596013,1.3603399956570223,0,0,19,22,1,0
9,90,0.74567665520931,4.976319310776715,1,10,65,88,27,1
17,36,0.8345423923541023,3.208605760079718,1,10,73,88,28,1
2,3,0.3358623314390087,1.0866933051670946,0,1,10,35,0,0
3,1,0.23578631490190968,0.9935180495374563,0,2,13,44,2,0
0,5,0.27324613086689,1.351932735478559,0,0,11,24,2,0
3,1,0.258695570223495,0.9561892822384284,0,0,8,34,0,0
2,2,0.22799758128157221,1.4188638669123206,0,1,16,35,0,0
0,4,0.15215704441606068,1.1976328734361257,0,2,13,42,0,0
0,4,0.21840606820089567,0.9228702056216855,0,1,10,40,1,0
3,1,0.16682485364713773,1.3141322962686381,0,0,13,42,1,0
9,76,0.7341463422533889,3.552951994527062,2,10,74,85,10,1
3,2,0.27329607802557476,0.804225766069164,0,2,8,25,1,0
18,87,0.9745444516186154,4.671696310163675,2,10,93,83,12,1
15,85,0.8590340104137415,5.21279005831685,3,12,94,90,29,1
20,42,0.8197134000857703,4.961818722998909,4,9,68,66,17,1
1,1,0.11934289382654767,1.1407019283241793,0,2,8,45,1,0
1,3,0.3847868059158779,1.4961793055377228,0,0,14,34,2,0
9,66,0.9481403451201071,3.0383541787328854,5,9,60,84,11,1
3,4,0.31972674467694917,1.394058086406837,0,2,18,36,0,0
0,4,0.16382764346248196,0.8525763469973682,0,1,6,36,2,0
0,3,0.12131471045264337,1.1394876312451374,0,0,18,36,1,0
10,32,0.9060838990115238,3.5771368781199877,3,15,60,82,19,1
18,52,0.7293882508550531,3.4760825223038356,3,14,100,90,23,1
8,72,0.9537240789215474,4.197405853991237,1,12,85,64,28,1
3,5,0.2643372453336813,1.1274246590700838,0,1,15,23,0,0
1,5,0.10324321918191971,1.0518314776776654,0,2,14,41,1,0
2,2,0.23992450073366026,1.4137521590815607,0,0,13,46,1,0
1,1,0.3945715567099872,1.4028896273633866,0,1,20,44,2,0
0,1,0.3082231881582542,1.3526419690820042,0,2,20,36,2,0
16,98,0.9239269491715523,5.034566030589567,3,8,66,63,20,1
2,4,0.334787287741246,1.0529746448019748,0,2,15,48,1,0
0,3,0.3174207693234285,1.0968855890716112,0,0,19,44,1,0
16,31,0.9307807601280895,3.1998583344466343,3,13,94,90,22,1
11,95,0.8738739635835825,3.980987357485122,3,14,94,72,10,1
1,2,0.268701985591808,0.9756060350563,0,2,16,20,0,0
19,87,0.932818806588261,3.762384492507308,2,10,79,67,10,1
1,3,0.26406076029296865,1.324251128837324,0,2,9,22,2,0
2,2,0.2330302892662002,1.4816075045064339,0,1,7,36,1,0
11,42,0.7974963441953211,4.055350580026381,4,5,64,63,21,1
16,99,0.9014610533990101,3.175621974230031,1,15,66,86,20,1
0,4,0.39128937367301986,1.1994307963399802,0,2,11,39,2,0
11,70,0.8371542322863805,5.460314162950721,4,12,94,81,14,1
20,59,0.9577548845021588,3.6849995569858893,2,14,79,62,24,1
20,95,0.8754443379968315,3.9411276264964723,2,11,82,65,15,1
9,85,0.7462897837342284,5.841515860379168,3,5,62,84,22,1
9,51,0.77898484806208,5.813088371788858,5,12,65,90,12,1
2,3,0.2315489666531804,0.8416083933363934,0,1,18,45,1,0
3,2,0.12024145123391042,1.004426882312685,0,0,15,50,0,0
1,4,0.3497624073490614,1.1107817535691922,0,0,17,27,1,0
10,79,0.7358086811636062,5.255987170816194,2,6,85,86,14,1
11,47,0.8854100873158588,3.4740236545736067,1,12,61,62,13,1
0,5,0.24815467527981608,1.3140592013737133,0,2,15,40,1,0
1,3,0.34515594823422746,1.0541015060420873,0,0,7,24,1,0
19,64,0.8134688144104351,5.962294925118229,5,8,81,81,15,1
12,49,0.9846263619017579,3.835908163328476,1,14,85,88,26,1
15,33,0.9760582763129213,4.715048735127029,2,11,94,69,12,1
11,37,0.7186377036288057,4.614828957759533,3,7,82,80,22,1
3,4,0.2986347770088041,0.8199181697089476,0,0,9,21,1,0
0,4,0.18015739168350164,1.428314873675446,0,1,7,40,1,0
11,87,0.7053526605697797,5.973102204035246,2,7,70,68,21,1
0,5,0.32783077519791315,1.0576616639296355,0,2,13,24,2,0
11,92,0.7602566387446539,5.287786966115419,1,5,76,79,27,1
1,4,0.30482833832872275,0.8623099305763218,0,2,15,38,1,0
16,83,0.8161555092768575,4.785490527877409,3,11,92,80,13,1
0,5,0.2542258569938711,0.864172492666849,0,2,7,20,0,0
0,5,0.35346759305631703,1.2582520831585358,0,0,9,48,0,0
1,5,0.1435617493996883,1.459551023769102,0,1,8,23,1,0
15,30,0.9306454467727295,5.915849158842238,3,8,83,76,18,1
0,3,0.30739969610450874,1.0397705890912128,0,0,14,35,0,0
0,2,0.3211114825165143,1.2283943932921821,0,0,16,31,2,0
20,92,0.8134142674753997,5.841729277685838,4,6,77,87,15,1
20,48,0.8502691647696038,5.527331441687702,3,7,73,88,20,1
12,37,0.9002459367628477,3.1636812660043936,4,7,87,72,10,1
9,65,0.7285160846156058,3.473134971342355,5,15,94,84,30,1
14,93,0.9709520585126633,4.351930573988074,5,7,75,80,17,1
10,100,0.8378714279272768,4.350873582590635,3,5,69,65,24,1
0,2,0.35146600719757093,1.0853456827224672,0,1,7,29,1,0
0,3,0.24634329712530753,0.8237817835771659,0,1,12,22,0,0
2,4,0.3036110961849693,0.8144307142104235,0,0,14,47,2,0
3,2,0.2791113130159998,0.9341726414499557,0,0,19,36,0,0
0,4,0.17826674784341295,1.1763735431236564,0,0,11,29,1,0
12,74,0.9319116264685505,5.654531622080335,4,10,81,90,24,1
13,76,0.7150033646131895,5.770653291713227,2,15,62,90,16,1
3,3,0.34621170127036693,1.0051121249099542,0,0,20,22,2,0
2,1,0.12614532520167576,0.9456830915844676,0,0,10,22,1,0
0,5,0.31232789421812845,1.4708654687679612,0,0,17,21,2,0
1,5,0.22967317648186952,1.3728849567592878,0,2,10,27,1,0
1,5,0.2659793753847701,1.4901566050642108,0,0,18,40,1,0
1,2,0.38607463198205627,1.0933563363318575,0,1,16,36,1,0
2,4,0.3151297480814963,1.176864519355332,0,2,6,40,1,0
12,48,0.9284216931590409,3.064328518400433,5,6,92,63,22,1
15,87,0.9803429400558498,3.831459793654689,5,13,82,80,25,1
17,53,0.8142786537344289,5.127653337718619,2,15,64,84,24,1
0,1,0.20234033013339847,1.1059597729982076,0,0,18,20,1,0
3,3,0.31199851707668297,1.1166912373104114,0,1,15,42,0,0
16,66,0.851769646471032,4.131230322802975,4,5,69,67,18,1
13,38,0.7884983906201737,4.956334493669211,2,8,92,84,13,1
18,96,0.8014137033552057,3.8612389194131893,2,6,89,87,30,1
1,1,0.20380527080687505,0.9708008529173583,0,0,7,33,2,0
10,53,0.8036837287700245,5.485314049191106,3,5,81,71,10,1
17,78,0.7015035472080888,4.486212545147259,4,5,61,72,21,1
3,4,0.15641251042467844,1.1036168974596474,0,0,16,36,1,0
1,5,0.25025247985976884,1.3262689248463964,0,0,20,33,1,0
13,42,0.7858401729944403,5.786979787592388,4,6,84,90,22,1
15,92,0.9316924375670878,3.7209213279494313,1,12,93,69,22,1
1,1,0.38043716768997193,1.0726595266489256,0,0,19,30,2,0
3,3,0.1636802588113072,0.9840164912803717,0,1,10,42,1,0
14,95,0.9947738490550315,4.521838139530426,2,12,96,64,25,1
2,4,0.3978761140527869,1.1379050007770959,0,2,18,35,0,0
15,72,0.7826846570665423,5.159425596504316,4,14,62,89,11,1
2,4,0.1082524625642268,1.0335652715200911,0,1,6,38,1,0
3,3,0.16200086042299272,0.9724352320436912,0,0,9,24,1,0
17,52,0.9954946628840804,3.91174618965532,1,10,77,90,22,1
18,49,0.8074845717473172,5.114535470295203,5,6,84,85,30,1
1,2,0.32052833275721354,1.3918317055353107,0,1,14,26,1,0
13,100,0.7572043618775195,5.068911208490828,4,8,84,90,11,1
2,5,0.24165644780888554,1.0091608004647579,0,0,20,47,2,0
19,100,0.8275204264799891,4.3737019447397785,2,15,88,60,20,1
19,30,0.7308842941235882,5.523401455817522,2,5,94,74,14,1
17,37,0.9917587525084104,5.565000182672428,2,5,93,64,12,1
18,71,0.7145608841671601,4.836746657569853,5,6,60,68,22,1
0,3,0.1945803782395677,0.8632622755055724,0,2,7,37,2,0
0,3,0.17330486048561045,1.1797885218431383,0,2,8,49,1,0
19,95,0.9329242343036147,5.305334346235175,5,6,100,85,19,1
20,65,0.9777174905860768,3.73318617065656,4,11,91,82,24,1
0,5,0.16328114997793813,0.8498014421154719,0,1,9,45,0,0
0,4,0.3270298005695198,1.0406994060049046,0,2,15,38,1,0
0,5,0.1706726938209655,1.111351181390808,0,2,11,44,1,0
1,4,0.25192014295317844,1.1247651179315334,0,2,18,35,1,0
0,3,0.31737383158933286,1.0012661953891662,0,1,12,48,0,0
11,99,0.9234224572315451,4.295476143228004,4,10,96,68,11,1
13,100,0.876223484201665,3.6666036512035056,3,14,89,80,18,1
0,5,0.322010252802994,1.1152731672484772,0,0,20,28,1,0
8,41,0.8163510030585097,3.5131413933937354,5,7,69,86,11,1
16,52,0.8933343806387216,3.7396308831100127,3,5,73,69,23,1
1,1,0.2414135346604693,1.4445917403389466,0,2,17,21,2,0
1,4,0.32636148796254877,1.491382022959937,0,0,11,22,2,0
13,54,0.9022016789178842,4.028345193173565,4,12,69,84,14,1
20,85,0.9245239752844607,4.775819968519885,5,10,84,67,19,1
19,82,0.8186875578728325,3.977893134513052,2,7,64,63,29,1
15,34,0.7720908488352872,5.461152282074057,3,13,96,67,22,1
13,34,0.7009740065491313,4.647193115706863,1,10,94,82,24,1
17,70,0.7101763477331313,5.053119332386974,3,12,94,80,21,1
20,83,0.8466349089684942,4.862048736455749,5,11,91,65,28,1
14,97,0.8872401828047504,3.5414424876715302,5,8,75,85,14,1
0,5,0.17763651460055452,1.4898441074248847,0,1,20,40,0,0
3,2,0.17078741236161044,1.499642030430905,0,2,13,44,1,0
17,52,0.7356221398857977,4.140164556980244,5,11,60,87,23,1
20,90,0.7143174536546574,3.277499876010123,2,13,85,81,16,1
0,4,0.2624148498537886,1.3504333919655298,0,0,18,38,1,0
1,2,0.38673808560449363,1.184845725994645,0,1,13,20,1,0
1,2,0.34886882503610306,0.8966247878664314,0,2,17,39,1,0
2,1,0.28125097985266406,0.9651904461711127,0,1,14,20,1,0
3,3,0.27214052235790326,0.880633151518811,0,2,18,47,2,0
1,3,0.1746440006040014,1.2681079416177827,0,0,18,38,0,0
9,42,0.7321784847280534,5.293378328877283,3,9,93,81,25,1
11,92,0.93706376195532,3.0637248939771045,3,15,81,68,10,1
8,45,0.7452162884193101,5.232200354371368,2,10,71,79,11,1
1,3,0.3146059814412524,1.0362509610222719,0,1,5,50,0,0
10,86,0.8939263685141892,3.404896513610046,4,9,66,72,15,1
2,3,0.344661196275271,1.0488909997002913,0,0,6,33,0,0
1,2,0.14182124351185144,0.9997989402295122,0,1,13,39,0,0
0,4,0.21454379796592754,0.8378156308307155,0,1,20,28,0,0
1,1,0.2604976537208303,1.29811316121548,0,0,13,45,0,0
8,88,0.9856500178712511,3.4439479200668632,4,7,73,77,11,1
15,48,0.8041893722011393,3.438577240119288,3,12,75,62,28,1
1,1,0.3240009018590188,1.420778957248168,0,2,10,22,0,0
2,5,0.36499447904290006,1.2343257246338326,0,1,12,47,1,0
2,2,0.3779012497275023,1.0875026953176197,0,2,20,39,0,0
0,4,0.23265148521097048,0.9790003008059002,0,0,20,47,1,0
1,3,0.32367645614094853,1.1666913509859955,0,0,9,23,2,0
3,1,0.29604677241890553,0.8080557851365626,0,2,16,40,1,0
3,5,0.38977676501066727,0.8439649941813719,0,1,18,47,0,0
10,41,0.7623687450073857,3.6127401421951286,3,12,81,77,20,1
15,34,0.74888956310412,5.077091658159599,2,15,96,82,17,1
1,2,0.27701271883283585,1.3128791864145426,0,0,15,41,2,0
9,70,0.7117360995652776,3.2794124703034546,5,10,100,74,15,1
17,38,0.9608697505565982,5.747115920704921,1,12,97,77,15,1
14,89,0.9821818204247399,4.67133229893744,1,15,98,73,30,1
0,2,0.22260618661857562,1.218553019361165,0,2,8,20,2,0
11,60,0.9234846703462897,4.132423641474675,5,7,94,86,26,1
9,40,0.8403733368401761,3.326095679397722,4,15,89,77,20,1
0,3,0.3102098021411936,0.8091447669337815,0,0,19,27,2,0
10,100,0.7839544860031836,4.052478401656465,2,13,70,66,18,1
1,1,0.32273209504843436,1.3364782683227352,0,1,16,47,1,0
0,3,0.21217447044503582,0.9771833453198284,0,2,11,30,0,0
9,50,0.8525722788392095,4.492340214708295,4,13,79,89,18,1
2,5,0.221567762931269,1.313458662118573,0,0,10,50,0,0
3,4,0.20464242070475794,1.1253601861571965,0,1,5,50,2,0
17,92,0.7438508980124456,4.042555808613604,4,9,70,81,14,1
3,3,0.3754622291051025,1.4800600034452285,0,1,5,27,0,0
1,2,0.21118363800975465,1.1409178424205146,0,1,5,49,2,0
2,3,0.22108806726231392,0.850670224074838,0,2,12,41,2,0
14,42,0.9447864518319554,5.08042422680324,5,11,64,90,19,1
3,1,0.2663426973602655,1.3472567225724161,0,2,18,48,1,0
0,3,0.23003351092930738,1.3300591417696404,0,2,13,20,0,0
8,67,0.9272798652706533,3.3900861466919587,1,8,68,79,22,1
9,36,0.7021949114635195,3.841654899905077,4,10,66,74,20,1
2,4,0.3166569271530212,1.3651165619217462,0,1,7,42,0,0
0,3,0.3454422669243424,1.1435575170116508,0,2,7,28,1,0
17,83,0.9326972920437427,5.994790527427261,1,13,83,84,19,1
1,2,0.35665478089674385,1.1391539529153223,0,2,9,22,2,0
9,46,0.7396654168908708,3.814970193943436,1,8,62,79,27,1
8,38,0.7434029765293712,4.055700425972914,3,6,89,63,23,1
1,3,0.1552751096140171,1.0327010525841638,0,2,9,47,1,0
13,84,0.7260900376287059,3.737709741046822,4,9,79,72,11,1
1,5,0.10900146923966758,1.2954506313324479,0,2,10,41,2,0
14,72,0.7653657927697758,4.104499550187779,1,9,88,61,25,1
0,5,0.23042782373980025,1.131764135070036,0,2,6,26,0,0
1,4,0.11562782476180052,1.1549510077147547,0,2,11,32,1,0
20,63,0.909198104319542,4.52561424740088,4,12,87,79,15,1
11,66,0.8899141890570577,5.352698135735476,4,11,90,74,29,1
16,69,0.967999149620818,3.7756446122742036,2,9,72,86,26,1
0,2,0.3428720160783909,1.1538888576476782,0,2,15,22,1,0
9,39,0.8430218852849907,5.886198776990234,3,11,88,65,19,1
20,32,0.7339330028516673,3.3388539279472056,2,10,92,60,15,1
3,4,0.3117684636976413,1.129624020400754,0,1,5,22,0,0
2,3,0.25093228205956264,1.220348162416735,0,1,15,49,1,0
10,51,0.7976580308220763,5.05256274667096,1,14,69,90,30,1
2,3,0.30825881863619436,1.3168431954196942,0,1,20,30,0,0
0,2,0.15376098716430026,1.4479494636103165,0,0,18,49,0,0
19,57,0.8675047993233459,4.55965866996689,3,12,81,61,26,1
1,2,0.10788346035525331,1.0106221158913027,0,0,20,38,2,0
12,55,0.7594472559678436,3.446975434743857,5,9,80,60,20,1
8,41,0.9777163582462178,5.645318085334928,5,13,82,68,24,1
14,56,0.812948871253614,4.8564453526881906,2,8,82,73,29,1
13,68,0.828358369074725,3.8159447554324326,3,8,76,76,13,1
17,56,0.717726208921795,3.083025026748939,1,5,100,78,12,1
15,71,0.7289837936448547,3.515965120903245,2,10,91,84,11,1
10,91,0.9358193058961729,4.888858329065247,1,8,70,72,22,1
20,85,0.799288274992481,4.25918682172586,5,12,94,75,16,1
3,1,0.1989846761122165,1.2783860756641967,0,1,7,39,0,0
1,2,0.23186569213517474,1.216671873770872,0,1,7,30,1,0
2,4,0.14279618801405555,1.2133115586500345,0,0,7,27,1,0
12,82,0.8661135480713783,3.2788430533648194,2,6,97,72,20,1
0,2,0.12880049229141644,1.305691992481083,0,1,14,39,0,0
16,97,0.8434803733259156,5.243138056219947,5,12,84,87,13,1
9,34,0.7530192833396196,5.541723052165049,2,12,100,70,12,1
0,5,0.2699085295299313,0.850793667177715,0,1,10,31,0,0
15,37,0.9738968891819222,5.027593459261823,2,15,82,79,15,1
11,84,0.7076184626543794,5.307118853032451,5,9,83,82,20,1
3,4,0.12985063900415242,1.370106753752208,0,2,17,48,2,0
8,64,0.9054421573119669,5.845242248115959,2,6,97,72,30,1
3,5,0.3465441017579613,1.3148981439598622,0,1,11,24,2,0
19,70,0.984757553314485,4.216026035640156,5,5,97,69,27,1
2,3,0.2694170327317905,1.4749239859821681,0,0,19,20,0,0
3,4,0.2631981332847423,0.8447133367665173,0,2,8,29,0,0
2,5,0.3445240467100734,1.1110694784259825,0,1,12,45,2,0
13,93,0.7682414529699354,3.180182324078092,2,8,94,87,22,1
3,4,0.20402778099586288,1.4238343570892429,0,1,14,49,0,0
9,45,0.8745853185810751,3.216149404914667,1,6,61,65,20,1
18,36,0.9586649423381479,3.3264864541742116,5,13,71,85,11,1
15,38,0.9293200447821152,4.573302618583121,4,14,91,84,20,1
1,1,0.35919403734481536,0.8346236446604467,0,1,17,49,2,0
17,68,0.7150448836988657,3.2909679471994573,5,11,77,78,20,1
19,80,0.8678982207325581,3.9705360585965965,2,6,84,61,16,1
8,91,0.7572033333655593,5.982413093016509,2,14,60,78,25,1
14,34,0.9612058907930272,3.6468337343215684,3,11,63,66,21,1
16,91,0.9411070834609213,3.575093205002825,5,8,67,79,24,1
1,1,0.28305389285210775,1.379604491368803,0,2,5,34,0,0
0,4,0.15352915560883623,1.030354577118693,0,0,16,30,2,0
8,51,0.9997785189488314,4.342113819489229,1,10,63,85,12,1
1,2,0.15581090900518707,1.395642142682806,0,1,6,47,1,0
3,1,0.23625649024108078,1.373544013454211,0,1,7,49,2,0
17,88,0.7893607393394781,5.587058016072339,4,6,71,76,13,1
9,100,0.7757254948382379,3.4813971739073497,2,15,61,79,16,1
20,100,0.8935782729414572,5.7440065507882885,2,5,74,69,19,1
17,57,0.780381962771433,3.2112346429684937,3,10,82,71,14,1
14,45,0.8452123244012087,3.242665351522697,4,15,79,74,28,1
1,5,0.1931288033552122,0.9244754902267742,0,1,15,32,1,0
0,4,0.18771941686072396,0.8269609044663546,0,0,8,35,0,0
3,4,0.269586824279136,1.4124507319332404,0,0,16,34,0,0
3,5,0.18031174010603568,1.479330632199817,0,0,12,41,2,0
16,33,0.8183738034415958,3.7240358098941675,3,10,64,83,15,1
1,2,0.23396779619452945,0.9660670117534096,0,2,12,23,0,0
0,4,0.14170609059204956,1.2896083983368056,0,0,8,33,1,0
2,3,0.11906807311533191,0.8924405765433793,0,2,17,37,0,0
19,56,0.7913605910568048,4.513952103026959,2,11,95,77,11,1
1,5,0.34717207088770796,1.2522355815300803,0,0,17,41,0,0
19,76,0.830126788565424,5.128426434311577,1,9,76,86,17,1
0,3,0.3055381976145178,1.4339532948141,0,1,10,31,1,0
